workerid,prolific_participant_id
174,5ec76194079cdc1b61767c3b
121,6137d3b8b1252a85f556d3d8
129,60c2670ee246bb9e550f9088
158,6129781ecb8007ce6248a915
176,5f2e00fa9832d716737ae694
137,5cc08211a6a169000139e570
151,5ec764942256df19e155432c
152,6290d34243e9347c40bac608
134,60da6f47359a9fc411cc8313
165,631af95dee3b463a87406cd8
142,5dd31c4a92371d32f2fa607a
118,616a6204b989f71da0a1a889
170,60463896f9a82809f6eda231
123,5d1c006ac2696c0019647572
160,604fc38a4de8e6e1e0e0ea7b
159,6296d114d8f28979fe1f705d
119,5c35293501f27e0001094ba5
130,5e533e9d1ffa373595a2bcfb
150,559e82dffdf99b7a9a124180
138,6101ed07f939f9662014e6a1
124,61017e76a0494146f7fdff65
146,629546e640163d6d469ed3be
136,5e23b44828b7b6649cc848c1
157,6105b1b285e91680458bd341
161,5e9b5d5193295f05c902b8d2
117,614ebad31e514e9ac8a47f20
167,63304bb0700854da0ad87641
120,5658f4787d69570012dfe2d1
178,5eac8b777b60c8129709fc10
163,5aeb013b23443b000134b490
156,590f901cdcc7b30001eed302
141,5b0c65c11e55760001b96e90
135,5cf5134c8f8ff80019e76721
164,5d8b7c00f6c3640019267f3b
143,61523fa4dff0567aa388e758
140,5f52c941fc18905c7e8f78fd
132,59c0a297c458e800017b5499
128,60fe114167189ccd1e32ba21
116,60709c0cc17168fdce1c7774
168,5ee2e7bf21501a83d55642cd
171,5dcf932f3708100b7db43ddd
162,5f20c7843957f61f62c58bb6
169,5eb2bffa2f51de04d4f35219
179,6296295f57c07906c9052955
147,63026053812fe400f2929701
154,5e7e659ae47a3d5249d9bd9e
148,5f5629abb985cf0008e213c6
172,615f54a5141128cf81b7e857
126,5e47092f5bd5d11d69389ed8
149,632b70fb5dbb96057a10061f
139,5ce2f6723f8060000109feab
145,5d0bb1874d659a0001391226
133,5e7e9e07d29f755802057a29
125,5ad08d25b438910001ac8d5f
175,5ea7b13e8ac6491a2050e619
